session_id,network_packet_size,protocol_type,login_attempts,session_duration,encryption_used,ip_reputation_score,failed_logins,browser_type,unusual_time_access
sess_1001,612,HTTPS,1,183,TLS 1.2,90.2,0,Firefox,1
sess_1002,330,HTTPS,3,295,AES-256,71.5,0,Firefox,0
sess_1003,1055,TCP,3,1374,AES-256,79.2,0,Firefox,1
sess_1004,380,HTTP,1,2515,None,81.1,0,Firefox,1
sess_1005,385,FTP,3,1149,AES-256,83.3,0,Safari,1
sess_1006,579,TCP,3,1429,TLS 1.2,93.6,0,Edge,1
sess_1007,1176,HTTPS,2,1887,AES-256,88.8,0,Firefox,0
sess_1008,609,HTTPS,2,1204,AES-256,92.4,0,Unknown-Bot,1
sess_1009,425,FTP,3,2482,TLS 1.3,87.6,0,Chrome,0
sess_1010,595,HTTPS,1,2972,None,95.9,0,Chrome,0
sess_1011,342,TCP,1,289,AES-256,92.6,0,Unknown-Bot,0
sess_1012,509,SSH,3,2456,None,71.4,0,Edge,1
sess_1013,886,UDP,3,1544,None,92.4,0,Edge,1
sess_1014,879,FTP,3,2907,TLS 1.3,94.2,0,Chrome,0
sess_1015,991,TCP,1,1233,AES-256,90.7,0,Chrome,0
sess_1016,880,TCP,1,2900,AES-256,83.9,0,Firefox,0
sess_1017,1027,HTTP,3,2503,None,78.2,0,Chrome,0
sess_1018,610,UDP,2,1935,None,95.7,0,Unknown-Bot,0
sess_1019,593,UDP,3,2212,AES-256,91.8,0,Chrome,0
sess_1020,918,TCP,3,79,TLS 1.3,95.8,0,Safari,0
sess_1021,1032,UDP,1,1748,AES-256,77.5,0,Safari,0
sess_1022,320,TCP,2,2861,None,89.5,0,Unknown-Bot,0
sess_1023,1190,UDP,1,3565,TLS 1.2,76.9,0,Chrome,0
sess_1024,1185,TCP,1,140,TLS 1.2,82.5,0,Chrome,0
sess_1025,1050,UDP,6,59,TLS 1.3,95.7,6,Safari,0
sess_1026,958,SSH,5,1344,AES-256,77.7,4,Edge,0
sess_1027,1007,TCP,7,1906,AES-256,71.5,7,Edge,0
sess_1028,696,SSH,6,3397,None,76.1,5,Edge,0
sess_1029,630,TCP,12,425,AES-256,76.1,1,Unknown-Bot,0
sess_1030,1088,UDP,4,1853,AES-256,77.4,4,Edge,0
sess_1031,999,TCP,16,574,None,87.3,3,Unknown-Bot,0
sess_1032,333,FTP,10,586,None,79.1,6,Chrome,1
sess_1033,527,FTP,4,657,None,90.5,3,Chrome,1
sess_1034,568,FTP,6,1770,AES-256,74.2,1,Unknown-Bot,1
sess_1035,977,FTP,5,1884,AES-256,96.3,2,Unknown-Bot,0
sess_1036,935,TCP,14,2486,AES-256,77.1,3,Unknown-Bot,0
sess_1037,1133,TCP,7,1366,None,92.0,2,Safari,0
sess_1038,746,SSH,11,2884,None,80.1,1,Safari,1
sess_1039,547,HTTP,13,3178,AES-256,87.8,7,Firefox,0
sess_1040,699,HTTP,6,1068,None,74.8,1,Unknown-Bot,0
sess_1041,1093,TCP,6,2578,TLS 1.3,83.6,3,Chrome,0
sess_1042,1123,HTTPS,13,972,TLS 1.2,87.5,4,Chrome,0
sess_1043,835,HTTPS,15,2989,TLS 1.2,95.6,14,Chrome,0
sess_1044,948,SSH,16,1903,None,86.7,13,Edge,0
sess_1045,837,TCP,12,963,TLS 1.3,78.8,9,Unknown-Bot,1
sess_1046,626,FTP,8,574,TLS 1.3,89.0,5,Chrome,1
sess_1047,852,SSH,3,3221,TLS 1.3,73.9,2,Safari,0
sess_1048,671,HTTP,8,1599,AES-256,71.1,8,Unknown-Bot,0
sess_1049,1081,HTTP,14,3311,TLS 1.2,90.9,3,Edge,0
sess_1050,10640,TCP,10,3507,None,21.8,4,Chrome,1
sess_1051,6016,HTTP,8,2203,AES-256,60.1,2,Unknown-Bot,1
sess_1052,7569,HTTP,5,713,TLS 1.3,61.9,4,Safari,1
sess_1053,6506,TCP,19,579,TLS 1.2,28.3,7,Chrome,1
sess_1054,11492,FTP,15,2765,TLS 1.3,49.8,7,Safari,1
sess_1055,10747,HTTPS,13,1088,TLS 1.3,35.2,4,Unknown-Bot,1
sess_1056,7361,SSH,6,2642,TLS 1.2,18.5,2,Firefox,1
sess_1057,6774,TCP,6,2119,TLS 1.3,45.5,1,Firefox,1
sess_1058,9463,HTTPS,4,885,TLS 1.3,58.7,4,Safari,1
sess_1059,7735,UDP,4,1692,TLS 1.3,27.2,1,Safari,1
sess_1060,12616,TCP,16,1688,None,49.5,9,Chrome,1
sess_1061,6355,HTTPS,12,492,TLS 1.2,30.7,5,Safari,1
sess_1062,9678,HTTP,3,192,AES-256,45.9,2,Firefox,1
sess_1063,4998,SSH,3,2197,None,49.9,2,Edge,1
sess_1064,13475,FTP,14,1471,None,12.5,11,Chrome,1
sess_1065,10335,FTP,8,2381,TLS 1.3,40.3,6,Chrome,1
sess_1066,6728,SSH,7,500,TLS 1.3,62.2,7,Safari,1
sess_1067,4131,FTP,14,727,TLS 1.3,28.7,8,Edge,1
sess_1068,14815,UDP,12,2866,TLS 1.3,39.8,1,Edge,1
sess_1069,6043,TCP,6,1847,TLS 1.3,58.7,3,Edge,1
sess_1070,8188,UDP,9,1748,AES-256,59.7,6,Firefox,1
sess_1071,12882,TCP,4,2864,AES-256,45.1,3,Chrome,1
sess_1072,8917,SSH,4,3355,TLS 1.3,56.6,3,Safari,1
sess_1073,10812,SSH,19,652,TLS 1.2,57.3,3,Safari,1
sess_1074,12743,TCP,13,3129,TLS 1.2,58.5,1,Edge,1
sess_1075,8168,SSH,15,1993,AES-256,28.1,7,Unknown-Bot,1
sess_1076,14009,HTTP,24,1254,TLS 1.3,24.0,5,Unknown-Bot,1
sess_1077,4631,HTTPS,23,128,TLS 1.3,32.6,3,Edge,1
sess_1078,7816,HTTPS,4,670,None,51.0,4,Firefox,1
sess_1079,6638,HTTPS,19,1959,AES-256,13.7,2,Safari,1
sess_1080,6663,FTP,11,3104,AES-256,13.1,1,Unknown-Bot,1
sess_1081,12146,UDP,11,1412,TLS 1.2,52.6,4,Edge,1
sess_1082,2356,HTTPS,4,1919,TLS 1.2,39.0,4,Chrome,1
sess_1083,6792,FTP,5,1383,None,33.5,3,Chrome,1
sess_1084,6304,FTP,18,1945,AES-256,46.2,12,Edge,1
sess_1085,3419,HTTP,10,594,AES-256,24.5,3,Firefox,1
sess_1086,14032,TCP,5,1124,TLS 1.2,51.7,3,Edge,1
sess_1087,14381,TCP,12,2542,TLS 1.2,25.1,2,Firefox,1
sess_1088,13657,UDP,16,3075,None,35.8,5,Edge,1
sess_1089,10957,TCP,22,1337,TLS 1.2,51.6,15,Chrome,1
sess_1090,6585,SSH,13,2865,TLS 1.3,44.6,13,Chrome,1
sess_1091,5654,HTTPS,23,1829,AES-256,61.0,12,Safari,1
sess_1092,10792,SSH,9,2085,None,20.6,7,Edge,1
sess_1093,2948,HTTP,21,1688,None,19.2,16,Safari,1
sess_1094,9909,FTP,21,2515,TLS 1.3,30.5,8,Chrome,1
sess_1095,3434,SSH,9,3253,AES-256,20.0,9,Firefox,1
sess_1096,7497,TCP,3,2443,TLS 1.3,47.4,2,Unknown-Bot,1
sess_1097,2488,SSH,10,1064,TLS 1.2,39.2,7,Edge,1
sess_1098,5270,HTTP,9,706,AES-256,63.2,5,Chrome,1
sess_1099,8308,FTP,11,1056,AES-256,25.3,8,Safari,1
sess_1100,12579,FTP,23,1892,None,28.0,7,Firefox,1
sess_1101,11542,HTTPS,19,2956,None,29.1,9,Unknown-Bot,1
sess_1102,11744,HTTPS,25,3600,AES-256,30.2,7,Unknown-Bot,1
sess_1103,7851,TCP,5,894,TLS 1.2,33.1,3,Safari,1
sess_1104,10962,SSH,8,3381,TLS 1.3,20.4,8,Edge,1
sess_1105,14420,UDP,22,2706,AES-256,43.0,17,Chrome,1
sess_1106,13230,HTTP,9,486,TLS 1.3,15.1,4,Chrome,1
sess_1107,14208,SSH,19,3474,TLS 1.2,38.6,16,Safari,1
sess_1108,9415,TCP,25,2320,TLS 1.3,40.1,9,Unknown-Bot,1
sess_1109,7801,TCP,23,376,TLS 1.3,17.8,2,Safari,1
sess_1110,11411,TCP,17,2646,AES-256,64.5,16,Edge,1
sess_1111,14929,HTTPS,11,3146,TLS 1.2,47.5,9,Firefox,1
sess_1112,8998,HTTP,4,2000,TLS 1.3,56.5,4,Firefox,1
sess_1113,2602,FTP,4,67,AES-256,40.9,2,Safari,1
sess_1114,3014,HTTP,21,1636,None,36.7,10,Edge,1
sess_1115,13372,TCP,7,1006,None,50.6,1,Safari,1
sess_1116,2716,HTTPS,18,902,None,14.5,13,Unknown-Bot,1
sess_1117,1864,UDP,28,246,TLS 1.2,22.6,11,Edge,1
sess_1118,11540,UDP,21,3439,None,27.2,11,Unknown-Bot,1
sess_1119,3116,FTP,6,2101,TLS 1.3,51.0,2,Edge,1
sess_1120,4704,HTTPS,25,738,TLS 1.2,18.8,12,Edge,1
sess_1121,12250,SSH,14,1545,TLS 1.3,44.7,12,Unknown-Bot,1
sess_1122,12386,HTTP,17,2123,TLS 1.2,58.1,6,Unknown-Bot,1
sess_1123,4739,UDP,25,1133,TLS 1.3,64.6,8,Firefox,1
sess_1124,7818,UDP,9,353,TLS 1.3,13.5,2,Unknown-Bot,1
sess_1125,9350,FTP,18,1313,None,41.5,9,Safari,1
